exp,run,semilla,steps,stiter,k,lambda,tiempo_ms,coste
3,1,20808,1000,100,1,0.001,65.00,3245.23
3,1,20808,1000,100,1,0.01,61.00,3234.24
3,1,20808,1000,100,1,0.1,63.00,3174.31
3,1,20808,1000,100,1,0.5,59.00,3301.38
3,1,20808,1000,100,5,0.001,65.00,3251.91
3,1,20808,1000,100,5,0.01,65.00,3210.95
3,1,20808,1000,100,5,0.1,61.00,3224.05
3,1,20808,1000,100,5,0.5,69.00,3165.81
3,1,20808,1000,100,10,0.001,60.00,3367.28
3,1,20808,1000,100,10,0.01,63.00,3276.73
3,1,20808,1000,100,10,0.1,62.00,3211.98
3,1,20808,1000,100,10,0.5,77.00,3218.49
3,1,20808,1000,100,25,0.001,61.00,3531.43
3,1,20808,1000,100,25,0.01,65.00,3226.43
3,1,20808,1000,100,25,0.1,64.00,3330.43
3,1,20808,1000,100,25,0.5,64.00,3299.70
3,1,20808,5000,100,1,0.001,224.00,3075.44
3,1,20808,5000,100,1,0.01,217.00,3081.39
3,1,20808,5000,100,1,0.1,182.00,3062.49
3,1,20808,5000,100,1,0.5,94.00,3171.15
3,1,20808,5000,100,5,0.001,226.00,3073.73
3,1,20808,5000,100,5,0.01,189.00,3047.32
3,1,20808,5000,100,5,0.1,182.00,3098.30
3,1,20808,5000,100,5,0.5,108.00,3130.78
3,1,20808,5000,100,10,0.001,214.00,3105.57
3,1,20808,5000,100,10,0.01,207.00,3122.95
3,1,20808,5000,100,10,0.1,227.00,3081.98
3,1,20808,5000,100,10,0.5,94.00,3173.70
3,1,20808,5000,100,25,0.001,207.00,3131.83
3,1,20808,5000,100,25,0.01,238.00,3132.00
3,1,20808,5000,100,25,0.1,230.00,3103.62
3,1,20808,5000,100,25,0.5,86.00,3187.05
3,1,20808,10000,100,1,0.001,276.00,3060.74
3,1,20808,10000,100,1,0.01,318.00,3087.94
3,1,20808,10000,100,1,0.1,264.00,3084.04
3,1,20808,10000,100,1,0.5,94.00,3143.18
3,1,20808,10000,100,5,0.001,290.00,3036.51
3,1,20808,10000,100,5,0.01,307.00,3076.42
3,1,20808,10000,100,5,0.1,253.00,3097.60
3,1,20808,10000,100,5,0.5,78.00,3221.46
3,1,20808,10000,100,10,0.001,293.00,3057.08
3,1,20808,10000,100,10,0.01,290.00,3112.37
3,1,20808,10000,100,10,0.1,222.00,3074.76
3,1,20808,10000,100,10,0.5,86.00,3148.32
3,1,20808,10000,100,25,0.001,278.00,3045.11
3,1,20808,10000,100,25,0.01,299.00,3058.56
3,1,20808,10000,100,25,0.1,289.00,3090.61
3,1,20808,10000,100,25,0.5,101.00,3209.50
3,2,18414,1000,100,1,0.001,62.00,2485.52
3,2,18414,1000,100,1,0.01,58.00,2558.19
3,2,18414,1000,100,1,0.1,66.00,2536.95
3,2,18414,1000,100,1,0.5,59.00,2474.94
3,2,18414,1000,100,5,0.001,69.00,2522.29
3,2,18414,1000,100,5,0.01,66.00,2490.42
3,2,18414,1000,100,5,0.1,86.00,2506.88
3,2,18414,1000,100,5,0.5,61.00,2539.07
3,2,18414,1000,100,10,0.001,69.00,2577.68
3,2,18414,1000,100,10,0.01,60.00,2537.98
3,2,18414,1000,100,10,0.1,62.00,2614.13
3,2,18414,1000,100,10,0.5,62.00,2491.22
3,2,18414,1000,100,25,0.001,60.00,2730.17
3,2,18414,1000,100,25,0.01,69.00,2593.85
3,2,18414,1000,100,25,0.1,62.00,2626.81
3,2,18414,1000,100,25,0.5,63.00,2557.10
3,2,18414,5000,100,1,0.001,169.00,2362.51
3,2,18414,5000,100,1,0.01,164.00,2366.76
3,2,18414,5000,100,1,0.1,177.00,2378.34
3,2,18414,5000,100,1,0.5,90.00,2426.40
3,2,18414,5000,100,5,0.001,195.00,2348.76
3,2,18414,5000,100,5,0.01,223.00,2361.74
3,2,18414,5000,100,5,0.1,222.00,2367.09
3,2,18414,5000,100,5,0.5,80.00,2473.71
3,2,18414,5000,100,10,0.001,215.00,2373.99
3,2,18414,5000,100,10,0.01,185.00,2409.30
3,2,18414,5000,100,10,0.1,177.00,2400.41
3,2,18414,5000,100,10,0.5,82.00,2505.45
3,2,18414,5000,100,25,0.001,170.00,2419.17
3,2,18414,5000,100,25,0.01,221.00,2408.00
3,2,18414,5000,100,25,0.1,195.00,2416.59
3,2,18414,5000,100,25,0.5,80.00,2544.78
3,2,18414,10000,100,1,0.001,255.00,2332.55
3,2,18414,10000,100,1,0.01,299.00,2344.81
3,2,18414,10000,100,1,0.1,248.00,2345.63
3,2,18414,10000,100,1,0.5,81.00,2513.05
3,2,18414,10000,100,5,0.001,284.00,2302.47
3,2,18414,10000,100,5,0.01,266.00,2357.47
3,2,18414,10000,100,5,0.1,212.00,2353.47
3,2,18414,10000,100,5,0.5,83.00,2451.20
3,2,18414,10000,100,10,0.001,307.00,2351.40
3,2,18414,10000,100,10,0.01,294.00,2359.46
3,2,18414,10000,100,10,0.1,259.00,2357.70
3,2,18414,10000,100,10,0.5,90.00,2509.08
3,2,18414,10000,100,25,0.001,256.00,2382.81
3,2,18414,10000,100,25,0.01,280.00,2338.51
3,2,18414,10000,100,25,0.1,256.00,2347.09
3,2,18414,10000,100,25,0.5,87.00,2520.20
3,3,2349,1000,100,1,0.001,69.00,2847.18
3,3,2349,1000,100,1,0.01,58.00,2854.27
3,3,2349,1000,100,1,0.1,62.00,2793.44
3,3,2349,1000,100,1,0.5,59.00,2821.56
3,3,2349,1000,100,5,0.001,58.00,2785.97
3,3,2349,1000,100,5,0.01,65.00,2808.88
3,3,2349,1000,100,5,0.1,62.00,2744.86
3,3,2349,1000,100,5,0.5,64.00,2814.48
3,3,2349,1000,100,10,0.001,60.00,2827.12
3,3,2349,1000,100,10,0.01,60.00,2839.04
3,3,2349,1000,100,10,0.1,68.00,2893.06
3,3,2349,1000,100,10,0.5,64.00,2773.21
3,3,2349,1000,100,25,0.001,64.00,3052.22
3,3,2349,1000,100,25,0.01,61.00,2857.50
3,3,2349,1000,100,25,0.1,63.00,2824.25
3,3,2349,1000,100,25,0.5,64.00,2825.64
3,3,2349,5000,100,1,0.001,144.00,2664.58
3,3,2349,5000,100,1,0.01,144.00,2655.73
3,3,2349,5000,100,1,0.1,200.00,2675.51
3,3,2349,5000,100,1,0.5,75.00,2729.79
3,3,2349,5000,100,5,0.001,148.00,2678.03
3,3,2349,5000,100,5,0.01,153.00,2733.32
3,3,2349,5000,100,5,0.1,177.00,2616.36
3,3,2349,5000,100,5,0.5,77.00,2806.79
3,3,2349,5000,100,10,0.001,172.00,2597.77
3,3,2349,5000,100,10,0.01,202.00,2590.29
3,3,2349,5000,100,10,0.1,155.00,2611.44
3,3,2349,5000,100,10,0.5,68.00,2806.37
3,3,2349,5000,100,25,0.001,192.00,2637.95
3,3,2349,5000,100,25,0.01,171.00,2645.71
3,3,2349,5000,100,25,0.1,186.00,2681.45
3,3,2349,5000,100,25,0.5,83.00,2808.05
3,3,2349,10000,100,1,0.001,270.00,2645.95
3,3,2349,10000,100,1,0.01,242.00,2614.87
3,3,2349,10000,100,1,0.1,219.00,2646.05
3,3,2349,10000,100,1,0.5,78.00,2842.70
3,3,2349,10000,100,5,0.001,299.00,2589.35
3,3,2349,10000,100,5,0.01,240.00,2593.21
3,3,2349,10000,100,5,0.1,286.00,2590.87
3,3,2349,10000,100,5,0.5,73.00,2791.90
3,3,2349,10000,100,10,0.001,286.00,2579.04
3,3,2349,10000,100,10,0.01,279.00,2587.18
3,3,2349,10000,100,10,0.1,248.00,2626.10
3,3,2349,10000,100,10,0.5,81.00,2828.24
3,3,2349,10000,100,25,0.001,314.00,2666.60
3,3,2349,10000,100,25,0.01,295.00,2604.39
3,3,2349,10000,100,25,0.1,277.00,2647.44
3,3,2349,10000,100,25,0.5,81.00,2751.11
3,4,19455,1000,100,1,0.001,77.00,2350.24
3,4,19455,1000,100,1,0.01,62.00,2280.10
3,4,19455,1000,100,1,0.1,56.00,2325.11
3,4,19455,1000,100,1,0.5,60.00,2300.28
3,4,19455,1000,100,5,0.001,61.00,2356.71
3,4,19455,1000,100,5,0.01,61.00,2305.07
3,4,19455,1000,100,5,0.1,69.00,2379.06
3,4,19455,1000,100,5,0.5,68.00,2294.97
3,4,19455,1000,100,10,0.001,64.00,2479.52
3,4,19455,1000,100,10,0.01,64.00,2317.81
3,4,19455,1000,100,10,0.1,59.00,2379.65
3,4,19455,1000,100,10,0.5,63.00,2346.23
3,4,19455,1000,100,25,0.001,61.00,2505.29
3,4,19455,1000,100,25,0.01,61.00,2481.17
3,4,19455,1000,100,25,0.1,58.00,2370.82
3,4,19455,1000,100,25,0.5,65.00,2419.29
3,4,19455,5000,100,1,0.001,204.00,2180.00
3,4,19455,5000,100,1,0.01,164.00,2177.38
3,4,19455,5000,100,1,0.1,171.00,2204.21
3,4,19455,5000,100,1,0.5,85.00,2247.96
3,4,19455,5000,100,5,0.001,180.00,2186.95
3,4,19455,5000,100,5,0.01,165.00,2204.31
3,4,19455,5000,100,5,0.1,171.00,2191.41
3,4,19455,5000,100,5,0.5,93.00,2281.49
3,4,19455,5000,100,10,0.001,188.00,2164.37
3,4,19455,5000,100,10,0.01,209.00,2187.21
3,4,19455,5000,100,10,0.1,189.00,2198.40
3,4,19455,5000,100,10,0.5,75.00,2304.24
3,4,19455,5000,100,25,0.001,187.00,2264.18
3,4,19455,5000,100,25,0.01,187.00,2234.28
3,4,19455,5000,100,25,0.1,217.00,2215.52
3,4,19455,5000,100,25,0.5,84.00,2313.56
3,4,19455,10000,100,1,0.001,268.00,2166.45
3,4,19455,10000,100,1,0.01,276.00,2181.96
3,4,19455,10000,100,1,0.1,284.00,2156.42
3,4,19455,10000,100,1,0.5,80.00,2265.40
3,4,19455,10000,100,5,0.001,268.00,2159.74
3,4,19455,10000,100,5,0.01,283.00,2134.67
3,4,19455,10000,100,5,0.1,205.00,2178.34
3,4,19455,10000,100,5,0.5,74.00,2301.90
3,4,19455,10000,100,10,0.001,276.00,2197.46
3,4,19455,10000,100,10,0.01,302.00,2163.32
3,4,19455,10000,100,10,0.1,263.00,2179.78
3,4,19455,10000,100,10,0.5,83.00,2233.40
3,4,19455,10000,100,25,0.001,261.00,2198.74
3,4,19455,10000,100,25,0.01,320.00,2245.39
3,4,19455,10000,100,25,0.1,255.00,2201.44
3,4,19455,10000,100,25,0.5,78.00,2316.87
3,5,10672,1000,100,1,0.001,70.00,2836.18
3,5,10672,1000,100,1,0.01,69.00,2815.54
3,5,10672,1000,100,1,0.1,73.00,2860.17
3,5,10672,1000,100,1,0.5,62.00,2844.20
3,5,10672,1000,100,5,0.001,65.00,2844.19
3,5,10672,1000,100,5,0.01,69.00,2828.84
3,5,10672,1000,100,5,0.1,70.00,2822.48
3,5,10672,1000,100,5,0.5,70.00,2855.59
3,5,10672,1000,100,10,0.001,69.00,3002.84
3,5,10672,1000,100,10,0.01,70.00,2910.92
3,5,10672,1000,100,10,0.1,69.00,2854.12
3,5,10672,1000,100,10,0.5,64.00,2813.06
3,5,10672,1000,100,25,0.001,72.00,3021.40
3,5,10672,1000,100,25,0.01,70.00,2979.17
3,5,10672,1000,100,25,0.1,67.00,2949.48
3,5,10672,1000,100,25,0.5,64.00,2909.62
3,5,10672,5000,100,1,0.001,232.00,2714.63
3,5,10672,5000,100,1,0.01,197.00,2733.03
3,5,10672,5000,100,1,0.1,219.00,2725.91
3,5,10672,5000,100,1,0.5,89.00,2834.08
3,5,10672,5000,100,5,0.001,175.00,2748.11
3,5,10672,5000,100,5,0.01,222.00,2716.56
3,5,10672,5000,100,5,0.1,197.00,2714.36
3,5,10672,5000,100,5,0.5,87.00,2796.45
3,5,10672,5000,100,10,0.001,224.00,2744.23
3,5,10672,5000,100,10,0.01,209.00,2726.67
3,5,10672,5000,100,10,0.1,208.00,2748.76
3,5,10672,5000,100,10,0.5,87.00,2812.90
3,5,10672,5000,100,25,0.001,248.00,2768.14
3,5,10672,5000,100,25,0.01,199.00,2762.40
3,5,10672,5000,100,25,0.1,203.00,2773.26
3,5,10672,5000,100,25,0.5,86.00,2811.49
3,5,10672,10000,100,1,0.001,293.00,2699.88
3,5,10672,10000,100,1,0.01,303.00,2704.13
3,5,10672,10000,100,1,0.1,248.00,2697.34
3,5,10672,10000,100,1,0.5,87.00,2811.24
3,5,10672,10000,100,5,0.001,270.00,2711.57
3,5,10672,10000,100,5,0.01,288.00,2712.24
3,5,10672,10000,100,5,0.1,284.00,2706.77
3,5,10672,10000,100,5,0.5,95.00,2828.58
3,5,10672,10000,100,10,0.001,334.00,2716.17
3,5,10672,10000,100,10,0.01,321.00,2692.15
3,5,10672,10000,100,10,0.1,255.00,2702.26
3,5,10672,10000,100,10,0.5,101.00,2850.00
3,5,10672,10000,100,25,0.001,314.00,2709.57
3,5,10672,10000,100,25,0.01,268.00,2726.45
3,5,10672,10000,100,25,0.1,275.00,2722.24
3,5,10672,10000,100,25,0.5,93.00,2907.50
3,6,16556,1000,100,1,0.001,65.00,2629.28
3,6,16556,1000,100,1,0.01,67.00,2657.59
3,6,16556,1000,100,1,0.1,68.00,2711.70
3,6,16556,1000,100,1,0.5,67.00,2703.58
3,6,16556,1000,100,5,0.001,63.00,2668.55
3,6,16556,1000,100,5,0.01,68.00,2636.60
3,6,16556,1000,100,5,0.1,66.00,2654.29
3,6,16556,1000,100,5,0.5,59.00,2645.94
3,6,16556,1000,100,10,0.001,62.00,2750.53
3,6,16556,1000,100,10,0.01,66.00,2693.70
3,6,16556,1000,100,10,0.1,67.00,2694.58
3,6,16556,1000,100,10,0.5,67.00,2695.74
3,6,16556,1000,100,25,0.001,67.00,2987.45
3,6,16556,1000,100,25,0.01,62.00,2717.60
3,6,16556,1000,100,25,0.1,61.00,2769.02
3,6,16556,1000,100,25,0.5,73.00,2711.97
3,6,16556,5000,100,1,0.001,204.00,2557.52
3,6,16556,5000,100,1,0.01,184.00,2531.48
3,6,16556,5000,100,1,0.1,207.00,2535.72
3,6,16556,5000,100,1,0.5,103.00,2591.01
3,6,16556,5000,100,5,0.001,214.00,2556.41
3,6,16556,5000,100,5,0.01,199.00,2520.66
3,6,16556,5000,100,5,0.1,182.00,2558.73
3,6,16556,5000,100,5,0.5,86.00,2636.28
3,6,16556,5000,100,10,0.001,167.00,2548.64
3,6,16556,5000,100,10,0.01,186.00,2543.86
3,6,16556,5000,100,10,0.1,186.00,2560.13
3,6,16556,5000,100,10,0.5,81.00,2633.28
3,6,16556,5000,100,25,0.001,210.00,2658.10
3,6,16556,5000,100,25,0.01,239.00,2544.98
3,6,16556,5000,100,25,0.1,228.00,2608.05
3,6,16556,5000,100,25,0.5,78.00,2685.36
3,6,16556,10000,100,1,0.001,309.00,2533.81
3,6,16556,10000,100,1,0.01,299.00,2505.16
3,6,16556,10000,100,1,0.1,273.00,2521.49
3,6,16556,10000,100,1,0.5,80.00,2630.40
3,6,16556,10000,100,5,0.001,318.00,2543.48
3,6,16556,10000,100,5,0.01,338.00,2514.32
3,6,16556,10000,100,5,0.1,222.00,2543.62
3,6,16556,10000,100,5,0.5,89.00,2630.94
3,6,16556,10000,100,10,0.001,272.00,2498.58
3,6,16556,10000,100,10,0.01,271.00,2529.58
3,6,16556,10000,100,10,0.1,267.00,2524.46
3,6,16556,10000,100,10,0.5,84.00,2628.82
3,6,16556,10000,100,25,0.001,280.00,2575.56
3,6,16556,10000,100,25,0.01,288.00,2558.38
3,6,16556,10000,100,25,0.1,256.00,2524.35
3,6,16556,10000,100,25,0.5,85.00,2664.82
3,7,13438,1000,100,1,0.001,58.00,2328.91
3,7,13438,1000,100,1,0.01,58.00,2364.20
3,7,13438,1000,100,1,0.1,71.00,2346.17
3,7,13438,1000,100,1,0.5,60.00,2355.25
3,7,13438,1000,100,5,0.001,63.00,2349.47
3,7,13438,1000,100,5,0.01,63.00,2335.99
3,7,13438,1000,100,5,0.1,61.00,2314.60
3,7,13438,1000,100,5,0.5,60.00,2320.44
3,7,13438,1000,100,10,0.001,64.00,2499.67
3,7,13438,1000,100,10,0.01,66.00,2334.57
3,7,13438,1000,100,10,0.1,65.00,2322.54
3,7,13438,1000,100,10,0.5,63.00,2347.34
3,7,13438,1000,100,25,0.001,71.00,2513.95
3,7,13438,1000,100,25,0.01,64.00,2461.24
3,7,13438,1000,100,25,0.1,69.00,2415.92
3,7,13438,1000,100,25,0.5,70.00,2384.35
3,7,13438,5000,100,1,0.001,178.00,2231.53
3,7,13438,5000,100,1,0.01,162.00,2259.27
3,7,13438,5000,100,1,0.1,182.00,2197.06
3,7,13438,5000,100,1,0.5,74.00,2325.45
3,7,13438,5000,100,5,0.001,206.00,2221.24
3,7,13438,5000,100,5,0.01,213.00,2240.35
3,7,13438,5000,100,5,0.1,150.00,2250.72
3,7,13438,5000,100,5,0.5,81.00,2300.85
3,7,13438,5000,100,10,0.001,209.00,2281.83
3,7,13438,5000,100,10,0.01,204.00,2238.97
3,7,13438,5000,100,10,0.1,203.00,2215.27
3,7,13438,5000,100,10,0.5,78.00,2366.41
3,7,13438,5000,100,25,0.001,223.00,2349.83
3,7,13438,5000,100,25,0.01,194.00,2226.84
3,7,13438,5000,100,25,0.1,241.00,2259.85
3,7,13438,5000,100,25,0.5,78.00,2360.75
3,7,13438,10000,100,1,0.001,265.00,2223.60
3,7,13438,10000,100,1,0.01,283.00,2219.17
3,7,13438,10000,100,1,0.1,220.00,2219.20
3,7,13438,10000,100,1,0.5,79.00,2271.26
3,7,13438,10000,100,5,0.001,306.00,2199.07
3,7,13438,10000,100,5,0.01,294.00,2230.91
3,7,13438,10000,100,5,0.1,243.00,2232.48
3,7,13438,10000,100,5,0.5,73.00,2336.70
3,7,13438,10000,100,10,0.001,286.00,2230.95
3,7,13438,10000,100,10,0.01,346.00,2214.35
3,7,13438,10000,100,10,0.1,223.00,2213.06
3,7,13438,10000,100,10,0.5,77.00,2300.34
3,7,13438,10000,100,25,0.001,298.00,2257.07
3,7,13438,10000,100,25,0.01,285.00,2255.16
3,7,13438,10000,100,25,0.1,293.00,2254.78
3,7,13438,10000,100,25,0.5,82.00,2384.18
3,8,1695,1000,100,1,0.001,64.00,2453.07
3,8,1695,1000,100,1,0.01,59.00,2435.55
3,8,1695,1000,100,1,0.1,60.00,2408.75
3,8,1695,1000,100,1,0.5,59.00,2389.06
3,8,1695,1000,100,5,0.001,58.00,2469.19
3,8,1695,1000,100,5,0.01,59.00,2473.11
3,8,1695,1000,100,5,0.1,61.00,2448.89
3,8,1695,1000,100,5,0.5,62.00,2433.59
3,8,1695,1000,100,10,0.001,68.00,2628.41
3,8,1695,1000,100,10,0.01,64.00,2476.38
3,8,1695,1000,100,10,0.1,64.00,2466.09
3,8,1695,1000,100,10,0.5,57.00,2491.25
3,8,1695,1000,100,25,0.001,63.00,2664.22
3,8,1695,1000,100,25,0.01,60.00,2463.81
3,8,1695,1000,100,25,0.1,66.00,2577.85
3,8,1695,1000,100,25,0.5,66.00,2513.08
3,8,1695,5000,100,1,0.001,258.00,2271.69
3,8,1695,5000,100,1,0.01,190.00,2263.58
3,8,1695,5000,100,1,0.1,168.00,2281.37
3,8,1695,5000,100,1,0.5,91.00,2403.36
3,8,1695,5000,100,5,0.001,213.00,2298.89
3,8,1695,5000,100,5,0.01,165.00,2295.22
3,8,1695,5000,100,5,0.1,192.00,2297.32
3,8,1695,5000,100,5,0.5,84.00,2372.57
3,8,1695,5000,100,10,0.001,171.00,2299.51
3,8,1695,5000,100,10,0.01,163.00,2290.16
3,8,1695,5000,100,10,0.1,189.00,2299.90
3,8,1695,5000,100,10,0.5,82.00,2359.72
3,8,1695,5000,100,25,0.001,240.00,2361.71
3,8,1695,5000,100,25,0.01,195.00,2306.68
3,8,1695,5000,100,25,0.1,236.00,2270.58
3,8,1695,5000,100,25,0.5,88.00,2400.19
3,8,1695,10000,100,1,0.001,274.00,2266.91
3,8,1695,10000,100,1,0.01,267.00,2257.06
3,8,1695,10000,100,1,0.1,269.00,2269.59
3,8,1695,10000,100,1,0.5,86.00,2450.21
3,8,1695,10000,100,5,0.001,324.00,2245.34
3,8,1695,10000,100,5,0.01,288.00,2249.45
3,8,1695,10000,100,5,0.1,242.00,2292.33
3,8,1695,10000,100,5,0.5,88.00,2402.19
3,8,1695,10000,100,10,0.001,276.00,2266.04
3,8,1695,10000,100,10,0.01,288.00,2261.23
3,8,1695,10000,100,10,0.1,235.00,2270.50
3,8,1695,10000,100,10,0.5,87.00,2399.89
3,8,1695,10000,100,25,0.001,285.00,2265.60
3,8,1695,10000,100,25,0.01,279.00,2375.49
3,8,1695,10000,100,25,0.1,269.00,2315.15
3,8,1695,10000,100,25,0.5,85.00,2542.13
3,9,26828,1000,100,1,0.001,58.00,2755.72
3,9,26828,1000,100,1,0.01,61.00,2724.28
3,9,26828,1000,100,1,0.1,60.00,2800.73
3,9,26828,1000,100,1,0.5,59.00,2757.86
3,9,26828,1000,100,5,0.001,57.00,2695.33
3,9,26828,1000,100,5,0.01,64.00,2765.63
3,9,26828,1000,100,5,0.1,64.00,2804.78
3,9,26828,1000,100,5,0.5,59.00,2751.11
3,9,26828,1000,100,10,0.001,57.00,2937.93
3,9,26828,1000,100,10,0.01,60.00,2811.79
3,9,26828,1000,100,10,0.1,61.00,2846.70
3,9,26828,1000,100,10,0.5,64.00,2757.38
3,9,26828,1000,100,25,0.001,60.00,3009.42
3,9,26828,1000,100,25,0.01,59.00,2901.31
3,9,26828,1000,100,25,0.1,62.00,2824.48
3,9,26828,1000,100,25,0.5,58.00,2988.61
3,9,26828,5000,100,1,0.001,153.00,2632.16
3,9,26828,5000,100,1,0.01,221.00,2653.48
3,9,26828,5000,100,1,0.1,193.00,2643.81
3,9,26828,5000,100,1,0.5,82.00,2718.75
3,9,26828,5000,100,5,0.001,179.00,2599.58
3,9,26828,5000,100,5,0.01,187.00,2684.11
3,9,26828,5000,100,5,0.1,173.00,2660.84
3,9,26828,5000,100,5,0.5,74.00,2767.40
3,9,26828,5000,100,10,0.001,202.00,2677.65
3,9,26828,5000,100,10,0.01,223.00,2652.44
3,9,26828,5000,100,10,0.1,211.00,2659.42
3,9,26828,5000,100,10,0.5,88.00,2717.52
3,9,26828,5000,100,25,0.001,249.00,2662.61
3,9,26828,5000,100,25,0.01,189.00,2635.65
3,9,26828,5000,100,25,0.1,219.00,2664.53
3,9,26828,5000,100,25,0.5,79.00,2764.62
3,9,26828,10000,100,1,0.001,340.00,2640.52
3,9,26828,10000,100,1,0.01,290.00,2603.24
3,9,26828,10000,100,1,0.1,274.00,2587.90
3,9,26828,10000,100,1,0.5,82.00,2715.48
3,9,26828,10000,100,5,0.001,280.00,2598.16
3,9,26828,10000,100,5,0.01,291.00,2594.86
3,9,26828,10000,100,5,0.1,275.00,2579.66
3,9,26828,10000,100,5,0.5,76.00,2758.81
3,9,26828,10000,100,10,0.001,312.00,2622.16
3,9,26828,10000,100,10,0.01,272.00,2586.66
3,9,26828,10000,100,10,0.1,247.00,2667.03
3,9,26828,10000,100,10,0.5,87.00,2734.74
3,9,26828,10000,100,25,0.001,308.00,2628.63
3,9,26828,10000,100,25,0.01,309.00,2618.86
3,9,26828,10000,100,25,0.1,232.00,2679.79
3,9,26828,10000,100,25,0.5,79.00,2778.44
3,10,18337,1000,100,1,0.001,57.00,2467.98
3,10,18337,1000,100,1,0.01,58.00,2486.40
3,10,18337,1000,100,1,0.1,73.00,2487.12
3,10,18337,1000,100,1,0.5,72.00,2489.85
3,10,18337,1000,100,5,0.001,60.00,2535.44
3,10,18337,1000,100,5,0.01,60.00,2506.67
3,10,18337,1000,100,5,0.1,62.00,2479.19
3,10,18337,1000,100,5,0.5,68.00,2523.70
3,10,18337,1000,100,10,0.001,66.00,2594.69
3,10,18337,1000,100,10,0.01,62.00,2507.61
3,10,18337,1000,100,10,0.1,58.00,2455.23
3,10,18337,1000,100,10,0.5,63.00,2507.77
3,10,18337,1000,100,25,0.001,64.00,2649.16
3,10,18337,1000,100,25,0.01,61.00,2617.46
3,10,18337,1000,100,25,0.1,64.00,2582.84
3,10,18337,1000,100,25,0.5,61.00,2638.28
3,10,18337,5000,100,1,0.001,218.00,2346.55
3,10,18337,5000,100,1,0.01,157.00,2329.94
3,10,18337,5000,100,1,0.1,171.00,2327.08
3,10,18337,5000,100,1,0.5,73.00,2411.33
3,10,18337,5000,100,5,0.001,180.00,2378.37
3,10,18337,5000,100,5,0.01,164.00,2367.45
3,10,18337,5000,100,5,0.1,161.00,2321.52
3,10,18337,5000,100,5,0.5,68.00,2468.90
3,10,18337,5000,100,10,0.001,207.00,2366.79
3,10,18337,5000,100,10,0.01,143.00,2318.90
3,10,18337,5000,100,10,0.1,174.00,2319.67
3,10,18337,5000,100,10,0.5,78.00,2479.14
3,10,18337,5000,100,25,0.001,206.00,2431.33
3,10,18337,5000,100,25,0.01,197.00,2346.14
3,10,18337,5000,100,25,0.1,182.00,2394.57
3,10,18337,5000,100,25,0.5,70.00,2510.31
3,10,18337,10000,100,1,0.001,264.00,2285.95
3,10,18337,10000,100,1,0.01,288.00,2264.40
3,10,18337,10000,100,1,0.1,218.00,2338.24
3,10,18337,10000,100,1,0.5,72.00,2459.62
3,10,18337,10000,100,5,0.001,258.00,2325.54
3,10,18337,10000,100,5,0.01,300.00,2258.80
3,10,18337,10000,100,5,0.1,225.00,2331.57
3,10,18337,10000,100,5,0.5,71.00,2422.73
3,10,18337,10000,100,10,0.001,328.00,2290.66
3,10,18337,10000,100,10,0.01,290.00,2322.68
3,10,18337,10000,100,10,0.1,229.00,2313.77
3,10,18337,10000,100,10,0.5,71.00,2464.41
3,10,18337,10000,100,25,0.001,301.00,2395.09
3,10,18337,10000,100,25,0.01,294.00,2337.40
3,10,18337,10000,100,25,0.1,269.00,2347.15
3,10,18337,10000,100,25,0.5,72.00,2515.22
